n,mm16,mm32,mv16
128,0.06303050369024277,0.08782832324504852,0.000499678251799196
200,0.20486456155776978,0.20552301406860352,0.0010146673303097486
400,1.8509094715118408,1.6441346406936646,0.004528714343905449
512,3.789299964904785,3.3000848293304443,0.007182266563177109
1012,16.755603790283203,7.272344589233398,0.015536075457930565
2048,58.6607666015625,13.153674125671387,0.028127001598477364
4096,89.8066635131836,13.455923080444336,0.021199814975261688
8192,98.72583770751953,14.211332321166992,0.011389993131160736
16384,98.37702941894531,14.212143898010254,0.005745286121964455
